{"train/decode_0.loss_ce": 0.04124130744487047, "train/decode_0.acc_seg": 81.74787582397461, "train/decode_1.loss_ce": 0.0798836086690426, "train/decode_1.acc_seg": 82.44848449707031, "train/loss": 0.1211249165982008, "learning_rate": 2.8387784106317693e-07, "momentum": 0.9, "epoch": 30, "_runtime": 11870, "_timestamp": 1635236610, "_step": 9811, "val/aAcc": 0.9378, "val/mIoU": 0.6594, "val/mAcc": 0.789, "val/IoU.Backgroud": 0.9623999999999999, "val/IoU.General trash": 0.4571, "val/IoU.Paper": 0.7770999999999999, "val/IoU.Paper pack": 0.5381, "val/IoU.Metal": 0.5498, "val/IoU.Glass": 0.5982, "val/IoU.Plastic": 0.47, "val/IoU.Styrofoam": 0.7143999999999999, "val/IoU.Plastic bag": 0.8504, "val/IoU.Battery": 0.7315999999999999, "val/IoU.Clothing": 0.604, "val/Acc.Backgroud": 0.9825, "val/Acc.General trash": 0.5686, "val/Acc.Paper": 0.8902, "val/Acc.Paper pack": 0.6829000000000001, "val/Acc.Metal": 0.6461, "val/Acc.Glass": 0.7365999999999999, "val/Acc.Plastic": 0.7011, "val/Acc.Styrofoam": 0.8197, "val/Acc.Plastic bag": 0.9033, "val/Acc.Battery": 0.9732999999999999, "val/Acc.Clothing": 0.7748, "val/decode_0.loss_ce": 0.11372862993107166, "val/decode_0.acc_seg": 76.10139465332031, "val/decode_1.loss_ce": 0.2748578429038142, "val/decode_1.acc_seg": 76.81873811321493, "val/loss": 0.3885864724899516, "_wandb": {"runtime": 11871}}