{"train/decode.loss_ce": 1.4338164460659026, "train/decode.acc_seg": 54.7916259765625, "train/loss": 1.4338164460659026, "learning_rate": 0.004088486272769866, "momentum": 0.9, "epoch": 20, "_runtime": 8581, "_timestamp": 1635153814, "_step": 12476, "val/aAcc": 0.6806, "val/mIoU": 0.08410000000000001, "val/mAcc": 0.1142, "val/IoU.Background": 0.6972, "val/IoU.General trash": 0.0, "val/IoU.Paper": 0.1155, "val/IoU.Paper pack": 0.0, "val/IoU.Metal": 0.0, "val/IoU.Glass": 0.0, "val/IoU.Plastic": 0.0, "val/IoU.Styrofoam": 0.0, "val/IoU.Plastic bag": 0.11259999999999999, "val/IoU.Battery": 0.0, "val/IoU.Clothing": 0.0, "val/Acc.Background": 0.9251, "val/Acc.General trash": 0.0, "val/Acc.Paper": 0.1819, "val/Acc.Paper pack": 0.0, "val/Acc.Metal": 0.0, "val/Acc.Glass": 0.0, "val/Acc.Plastic": 0.0, "val/Acc.Styrofoam": 0.0, "val/Acc.Plastic bag": 0.1495, "val/Acc.Battery": 0.0, "val/Acc.Clothing": 0.0, "val/decode.loss_ce": 1.5723650667565001, "val/decode.acc_seg": 55.12294652271856, "val/loss": 1.5723650667565001, "_wandb": {"runtime": 8590}}