{"train/decode_0.loss_ce": 0.21553843080997467, "train/decode_0.acc_seg": 66.21330368041993, "train/decode_1.loss_ce": 0.5537883651256561, "train/decode_1.acc_seg": 66.32684600830078, "train/loss": 0.7693267965316772, "learning_rate": 7.500025e-05, "momentum": 0.9, "epoch": 11, "_runtime": 7825, "_timestamp": 1635667448, "_step": 3570, "val/aAcc": 0.8690000000000001, "val/mIoU": 0.3713, "val/mAcc": 0.48810000000000003, "val/IoU.Backgroud": 0.9109999999999999, "val/IoU.General trash": 0.3194, "val/IoU.Paper": 0.5770000000000001, "val/IoU.Paper pack": 0.3068, "val/IoU.Metal": 0.3023, "val/IoU.Glass": 0.4146, "val/IoU.Plastic": 0.2296, "val/IoU.Styrofoam": 0.3789, "val/IoU.Plastic bag": 0.6025, "val/IoU.Battery": 0.0, "val/IoU.Clothing": 0.0421, "val/Acc.Backgroud": 0.9833, "val/Acc.General trash": 0.39299999999999996, "val/Acc.Paper": 0.7268000000000001, "val/Acc.Paper pack": 0.4511, "val/Acc.Metal": 0.3531, "val/Acc.Glass": 0.6256, "val/Acc.Plastic": 0.3812, "val/Acc.Styrofoam": 0.7889, "val/Acc.Plastic bag": 0.6239, "val/Acc.Battery": 0.0, "val/Acc.Clothing": 0.0426, "val/decode_0.loss_ce": 0.23272793969990294, "val/decode_0.acc_seg": 67.19056277804904, "val/decode_1.loss_ce": 0.5275982815174409, "val/decode_1.acc_seg": 67.82859821084105, "val/loss": 0.7603262202975191, "_wandb": {"runtime": 7874}}