{"train/decode.loss_ce": 0.5536290509998798, "train/decode.acc_seg": 72.53303169250488, "train/aux.loss_ce": 0.3298541888594627, "train/aux.acc_seg": 69.92301536560059, "train/loss": 0.8834832382202148, "learning_rate": 6e-05, "momentum": 0.9, "epoch": 1, "_runtime": 490, "_timestamp": 1635154393, "_step": 328, "val/aAcc": 0.8976999999999999, "val/mIoU": 0.3527, "val/mAcc": 0.4403, "val/IoU.Background": 0.9433, "val/IoU.General trash": 0.3079, "val/IoU.Paper": 0.6886, "val/IoU.Paper pack": 0.0, "val/IoU.Metal": 0.3381, "val/IoU.Glass": 0.005600000000000001, "val/IoU.Plastic": 0.30329999999999996, "val/IoU.Styrofoam": 0.4521, "val/IoU.Plastic bag": 0.7965000000000001, "val/IoU.Battery": 0.0, "val/IoU.Clothing": 0.0446, "val/Acc.Background": 0.9669, "val/Acc.General trash": 0.48219999999999996, "val/Acc.Paper": 0.8996, "val/Acc.Paper pack": 0.0, "val/Acc.Metal": 0.39630000000000004, "val/Acc.Glass": 0.005600000000000001, "val/Acc.Plastic": 0.693, "val/Acc.Styrofoam": 0.4926, "val/Acc.Plastic bag": 0.8621, "val/Acc.Battery": 0.0, "val/Acc.Clothing": 0.0446}