{"train/decode.loss_ce": 1.4530749309062958, "train/decode.acc_seg": 52.4041748046875, "train/loss": 1.4530749309062958, "learning_rate": 0.009406256163597852, "momentum": 0.9, "epoch": 2, "_runtime": 601, "_timestamp": 1635145109, "_step": 1304, "val/aAcc": 0.5848, "val/mIoU": 0.0726, "val/mAcc": 0.10679999999999999, "val/IoU.Background": 0.6198, "val/IoU.General trash": 0.0, "val/IoU.Paper": 0.09759999999999999, "val/IoU.Paper pack": 0.0, "val/IoU.Metal": 0.0, "val/IoU.Glass": 0.0, "val/IoU.Plastic": 0.0, "val/IoU.Styrofoam": 0.0, "val/IoU.Plastic bag": 0.0809, "val/IoU.Battery": 0.0, "val/IoU.Clothing": 0.0, "val/Acc.Background": 0.7798999999999999, "val/Acc.General trash": 0.0, "val/Acc.Paper": 0.2528, "val/Acc.Paper pack": 0.0, "val/Acc.Metal": 0.0, "val/Acc.Glass": 0.0, "val/Acc.Plastic": 0.0, "val/Acc.Styrofoam": 0.0, "val/Acc.Plastic bag": 0.1425, "val/Acc.Battery": 0.0, "val/Acc.Clothing": 0.0, "val/decode.loss_ce": 1.6429368279462944, "val/decode.acc_seg": 50.43889145178298, "val/loss": 1.6429368279462944, "_wandb": {"runtime": 687}}