{"train/decode_0.loss_ce": 0.06340426452457905, "train/decode_0.acc_seg": 78.43477821350098, "train/decode_1.loss_ce": 0.14904086075723172, "train/decode_1.acc_seg": 78.71809494018555, "train/loss": 0.2124451257288456, "learning_rate": 2.749024925340197e-07, "momentum": 0.9, "epoch": 30, "_runtime": 21734, "_timestamp": 1635765562, "_step": 9811, "val/aAcc": 0.9234, "val/mIoU": 0.6131, "val/mAcc": 0.745, "val/IoU.Backgroud": 0.9545999999999999, "val/IoU.General trash": 0.4225, "val/IoU.Paper": 0.7273999999999999, "val/IoU.Paper pack": 0.45890000000000003, "val/IoU.Metal": 0.4646, "val/IoU.Glass": 0.6198, "val/IoU.Plastic": 0.4255, "val/IoU.Styrofoam": 0.6286999999999999, "val/IoU.Plastic bag": 0.7997, "val/IoU.Battery": 0.7284999999999999, "val/IoU.Clothing": 0.5142, "val/Acc.Backgroud": 0.9802, "val/Acc.General trash": 0.5851, "val/Acc.Paper": 0.8473, "val/Acc.Paper pack": 0.6559999999999999, "val/Acc.Metal": 0.635, "val/Acc.Glass": 0.736, "val/Acc.Plastic": 0.6714, "val/Acc.Styrofoam": 0.7453, "val/Acc.Plastic bag": 0.8469, "val/Acc.Battery": 0.7862, "val/Acc.Clothing": 0.7056999999999999, "val/decode_0.loss_ce": 0.14357186883779954, "val/decode_0.acc_seg": 75.68458128564151, "val/decode_1.loss_ce": 0.35910928120583663, "val/decode_1.acc_seg": 75.77022750289352, "val/loss": 0.5026811515843427, "_wandb": {"runtime": 21732}}