{"train/decode_0.loss_ce": 0.297940491437912, "train/decode_0.acc_seg": 57.050102920532225, "train/decode_1.loss_ce": 0.7191299331188202, "train/decode_1.acc_seg": 57.4226815032959, "train/loss": 1.0170704245567321, "learning_rate": 8.345669575263974e-05, "momentum": 0.9, "epoch": 9, "_runtime": 6355, "_timestamp": 1635837138, "_step": 2916, "val/aAcc": 0.7702, "val/mIoU": 0.1324, "val/mAcc": 0.16390000000000002, "val/IoU.Backgroud": 0.7763, "val/IoU.General trash": 0.0098, "val/IoU.Paper": 0.2774, "val/IoU.Paper pack": 0.0, "val/IoU.Metal": 0.0, "val/IoU.Glass": 0.0, "val/IoU.Plastic": 0.0, "val/IoU.Styrofoam": 0.0168, "val/IoU.Plastic bag": 0.37579999999999997, "val/IoU.Battery": 0.0, "val/IoU.Clothing": 0.0, "val/Acc.Backgroud": 0.9802, "val/Acc.General trash": 0.0101, "val/Acc.Paper": 0.32780000000000004, "val/Acc.Paper pack": 0.0, "val/Acc.Metal": 0.0, "val/Acc.Glass": 0.0, "val/Acc.Plastic": 0.0, "val/Acc.Styrofoam": 0.0168, "val/Acc.Plastic bag": 0.46840000000000004, "val/Acc.Battery": 0.0, "val/Acc.Clothing": 0.0, "val/decode_0.loss_ce": 0.38286395251383015, "val/decode_0.acc_seg": 60.61432289782866, "val/decode_1.loss_ce": 1.0409007911328916, "val/decode_1.acc_seg": 60.20839243759344, "val/loss": 1.423764749073688}