{"train/decode_0.loss_ce": 0.029554088320583104, "train/decode_0.acc_seg": 82.54484283447266, "train/decode_1.loss_ce": 0.05796078599989414, "train/decode_1.acc_seg": 83.00135498046875, "train/loss": 0.08751487474888563, "learning_rate": 1.097676942800558e-06, "momentum": 0.9, "epoch": 50, "_runtime": 19753, "_timestamp": 1635286439, "_step": 16351, "val/aAcc": 0.9365000000000001, "val/mIoU": 0.6473, "val/mAcc": 0.7622, "val/IoU.Backgroud": 0.9637, "val/IoU.General trash": 0.4183, "val/IoU.Paper": 0.7612000000000001, "val/IoU.Paper pack": 0.4789, "val/IoU.Metal": 0.48460000000000003, "val/IoU.Glass": 0.5984, "val/IoU.Plastic": 0.4714, "val/IoU.Styrofoam": 0.7631999999999999, "val/IoU.Plastic bag": 0.8558, "val/IoU.Battery": 0.8229000000000001, "val/IoU.Clothing": 0.5023, "val/Acc.Backgroud": 0.9838, "val/Acc.General trash": 0.5713, "val/Acc.Paper": 0.8812000000000001, "val/Acc.Paper pack": 0.6122, "val/Acc.Metal": 0.6006, "val/Acc.Glass": 0.7368000000000001, "val/Acc.Plastic": 0.6502, "val/Acc.Styrofoam": 0.8220000000000001, "val/Acc.Plastic bag": 0.9162, "val/Acc.Battery": 0.9725, "val/Acc.Clothing": 0.6373, "val/decode_0.loss_ce": 0.12246465338049112, "val/decode_0.acc_seg": 76.71599145583164, "val/decode_1.loss_ce": 0.29633964791342066, "val/decode_1.acc_seg": 77.2505160673165, "val/loss": 0.4188043004200782, "_wandb": {"runtime": 19755}}