{"train/decode_0.loss_ce": 0.0641507688164711, "train/decode_0.acc_seg": 77.99670028686523, "train/decode_1.loss_ce": 0.15320984095335008, "train/decode_1.acc_seg": 78.39998390197754, "train/loss": 0.21736061111092567, "learning_rate": 2.749024925340197e-07, "momentum": 0.9, "epoch": 30, "_runtime": 21776, "_timestamp": 1635787343, "_step": 9811, "val/aAcc": 0.9251999999999999, "val/mIoU": 0.614, "val/mAcc": 0.7464, "val/IoU.Backgroud": 0.9544, "val/IoU.General trash": 0.40259999999999996, "val/IoU.Paper": 0.7595999999999999, "val/IoU.Paper pack": 0.4464, "val/IoU.Metal": 0.5835, "val/IoU.Glass": 0.6038, "val/IoU.Plastic": 0.4219, "val/IoU.Styrofoam": 0.6389, "val/IoU.Plastic bag": 0.8028, "val/IoU.Battery": 0.6574, "val/IoU.Clothing": 0.4828, "val/Acc.Backgroud": 0.9751000000000001, "val/Acc.General trash": 0.5436, "val/Acc.Paper": 0.8843000000000001, "val/Acc.Paper pack": 0.6611, "val/Acc.Metal": 0.7354, "val/Acc.Glass": 0.7879999999999999, "val/Acc.Plastic": 0.6926000000000001, "val/Acc.Styrofoam": 0.8056, "val/Acc.Plastic bag": 0.8525, "val/Acc.Battery": 0.6973999999999999, "val/Acc.Clothing": 0.5752, "val/decode_0.loss_ce": 0.14384732862221605, "val/decode_0.acc_seg": 75.4947348229679, "val/decode_1.loss_ce": 0.36807778045351125, "val/decode_1.acc_seg": 75.56499250435535, "val/loss": 0.5119251093746703, "_wandb": {"runtime": 21774}}