{"train/decode_0.loss_ce": 0.06996947266161442, "train/decode_0.acc_seg": 74.37275703430176, "train/decode_1.loss_ce": 0.16663584992289543, "train/decode_1.acc_seg": 74.44795074462891, "train/loss": 0.23660532087087632, "learning_rate": 2.749024925340197e-07, "momentum": 0.9, "epoch": 30, "_runtime": 21808, "_timestamp": 1635809156, "_step": 9811, "val/aAcc": 0.9206, "val/mIoU": 0.5997, "val/mAcc": 0.7314, "val/IoU.Backgroud": 0.9533, "val/IoU.General trash": 0.41969999999999996, "val/IoU.Paper": 0.7271, "val/IoU.Paper pack": 0.39740000000000003, "val/IoU.Metal": 0.5345, "val/IoU.Glass": 0.5656, "val/IoU.Plastic": 0.4129, "val/IoU.Styrofoam": 0.6143, "val/IoU.Plastic bag": 0.7895, "val/IoU.Battery": 0.6722, "val/IoU.Clothing": 0.5103, "val/Acc.Backgroud": 0.9778, "val/Acc.General trash": 0.5962, "val/Acc.Paper": 0.8466, "val/Acc.Paper pack": 0.613, "val/Acc.Metal": 0.7739, "val/Acc.Glass": 0.6694, "val/Acc.Plastic": 0.6881, "val/Acc.Styrofoam": 0.769, "val/Acc.Plastic bag": 0.8318000000000001, "val/Acc.Battery": 0.7167, "val/Acc.Clothing": 0.5628, "val/decode_0.loss_ce": 0.15366221702209226, "val/decode_0.acc_seg": 75.6343765258789, "val/decode_1.loss_ce": 0.3878764947991312, "val/decode_1.acc_seg": 75.66910199765806, "val/loss": 0.5415387152705664, "_wandb": {"runtime": 21807}}