{"train/decode.loss_ce": 0.45867548674345016, "train/decode.acc_seg": 70.4563816833496, "train/loss": 0.45867548674345016, "learning_rate": 0.009612866829623878, "momentum": 0.9, "epoch": 2, "_runtime": 559, "_timestamp": 1635155793, "_step": 213, "val/aAcc": 0.8834000000000001, "val/mIoU": 0.3109, "val/mAcc": 0.3843, "val/IoU.Background": 0.9168000000000001, "val/IoU.General trash": 0.3046, "val/IoU.Paper": 0.622, "val/IoU.Paper pack": 0.0002, "val/IoU.Metal": 0.0216, "val/IoU.Glass": 0.0246, "val/IoU.Plastic": 0.3031, "val/IoU.Styrofoam": 0.46950000000000003, "val/IoU.Plastic bag": 0.758, "val/IoU.Battery": 0.0, "val/IoU.Clothing": 0.0, "val/Acc.Background": 0.9848, "val/Acc.General trash": 0.4866, "val/Acc.Paper": 0.7314, "val/Acc.Paper pack": 0.0002, "val/Acc.Metal": 0.0219, "val/Acc.Glass": 0.0248, "val/Acc.Plastic": 0.6243, "val/Acc.Styrofoam": 0.5514, "val/Acc.Plastic bag": 0.8015000000000001, "val/Acc.Battery": 0.0, "val/Acc.Clothing": 0.0, "val/decode.loss_ce": 0.45907010696828365, "val/decode.acc_seg": 71.47874202728272, "val/loss": 0.45907010696828365}