{"train/decode_0.loss_ce": 0.18184914842247962, "train/decode_0.acc_seg": 71.239892578125, "train/decode_1.loss_ce": 0.4561283913254738, "train/decode_1.acc_seg": 72.04552764892578, "train/loss": 0.6379775434732438, "learning_rate": 9.972612215893683e-05, "momentum": 0.9, "epoch": 2, "_runtime": 768, "_timestamp": 1635224521, "_step": 627, "val/aAcc": 0.8894, "val/mIoU": 0.322, "val/mAcc": 0.3992, "val/IoU.Backgroud": 0.9312999999999999, "val/IoU.General trash": 0.2882, "val/IoU.Paper": 0.6042000000000001, "val/IoU.Paper pack": 0.0197, "val/IoU.Metal": 0.1167, "val/IoU.Glass": 0.0, "val/IoU.Plastic": 0.3025, "val/IoU.Styrofoam": 0.5169, "val/IoU.Plastic bag": 0.7602, "val/IoU.Battery": 0.0, "val/IoU.Clothing": 0.0027, "val/Acc.Backgroud": 0.9723999999999999, "val/Acc.General trash": 0.32899999999999996, "val/Acc.Paper": 0.7757999999999999, "val/Acc.Paper pack": 0.019799999999999998, "val/Acc.Metal": 0.1444, "val/Acc.Glass": 0.0, "val/Acc.Plastic": 0.5540999999999999, "val/Acc.Styrofoam": 0.6836, "val/Acc.Plastic bag": 0.9091, "val/Acc.Battery": 0.0, "val/Acc.Clothing": 0.0027, "val/decode_0.loss_ce": 0.18520356595148274, "val/decode_0.acc_seg": 72.35821283599476, "val/decode_1.loss_ce": 0.5128769865374506, "val/decode_1.acc_seg": 72.64641571044922, "val/loss": 0.6980805540526355}