{"train/decode_0.loss_ce": 0.04100800447165966, "train/decode_0.acc_seg": 80.71820724487304, "train/decode_1.loss_ce": 0.09790229193866253, "train/decode_1.acc_seg": 81.02304428100587, "train/loss": 0.13891029581427575, "learning_rate": 2.749024925340197e-07, "momentum": 0.9, "epoch": 30, "_runtime": 21617, "_timestamp": 1635830778, "_step": 9811, "val/aAcc": 0.9451999999999999, "val/mIoU": 0.6992, "val/mAcc": 0.8092, "val/IoU.Backgroud": 0.9664, "val/IoU.General trash": 0.4929, "val/IoU.Paper": 0.8106, "val/IoU.Paper pack": 0.6381, "val/IoU.Metal": 0.6099, "val/IoU.Glass": 0.6396999999999999, "val/IoU.Plastic": 0.509, "val/IoU.Styrofoam": 0.7595999999999999, "val/IoU.Plastic bag": 0.8604999999999999, "val/IoU.Battery": 0.8422, "val/IoU.Clothing": 0.5626, "val/Acc.Backgroud": 0.9836, "val/Acc.General trash": 0.5977, "val/Acc.Paper": 0.9094, "val/Acc.Paper pack": 0.7081999999999999, "val/Acc.Metal": 0.7445999999999999, "val/Acc.Glass": 0.8017, "val/Acc.Plastic": 0.7162000000000001, "val/Acc.Styrofoam": 0.8582, "val/Acc.Plastic bag": 0.9195, "val/Acc.Battery": 0.9515, "val/Acc.Clothing": 0.7109000000000001, "val/decode_0.loss_ce": 0.1143782096857458, "val/decode_0.acc_seg": 76.88043707388418, "val/decode_1.loss_ce": 0.29655723577296295, "val/decode_1.acc_seg": 76.96911013567889, "val/loss": 0.4109354454242153, "_wandb": {"runtime": 21616}}