{"train/decode.loss_ce": 1.512188184261322, "train/decode.acc_seg": 47.558837890625, "train/loss": 1.512188184261322, "learning_rate": 0.009106667163015808, "momentum": 0.9, "epoch": 3, "_runtime": 1059, "_timestamp": 1635144097, "_step": 1958, "val/aAcc": 0.6196, "val/mIoU": 0.0705, "val/mAcc": 0.10619999999999999, "val/IoU.Backgroud": 0.6379, "val/IoU.General trash": 0.0, "val/IoU.Paper": 0.0, "val/IoU.Paper pack": 0.0, "val/IoU.Metal": 0.0, "val/IoU.Glass": 0.0, "val/IoU.Plastic": 0.0, "val/IoU.Styrofoam": 0.0, "val/IoU.Plastic bag": 0.1376, "val/IoU.Battery": 0.0, "val/IoU.Clothing": 0.0, "val/Acc.Backgroud": 0.8301999999999999, "val/Acc.General trash": 0.0, "val/Acc.Paper": 0.0, "val/Acc.Paper pack": 0.0, "val/Acc.Metal": 0.0, "val/Acc.Glass": 0.0, "val/Acc.Plastic": 0.0, "val/Acc.Styrofoam": 0.0, "val/Acc.Plastic bag": 0.33770000000000006, "val/Acc.Battery": 0.0, "val/Acc.Clothing": 0.0, "val/decode.loss_ce": 2.530343520129385, "val/decode.acc_seg": 48.56784563123083, "val/loss": 2.530343520129385}