{"train/decode_0.loss_ce": 0.028051853533834218, "train/decode_0.acc_seg": 80.7721174621582, "train/decode_1.loss_ce": 0.06688887223601342, "train/decode_1.acc_seg": 80.8747730255127, "train/loss": 0.09494072623550892, "learning_rate": 9.966259195063619e-08, "momentum": 0.9, "epoch": 50, "_runtime": 35770, "_timestamp": 1635629958, "_step": 16351, "val/aAcc": 0.9445, "val/mIoU": 0.7008, "val/mAcc": 0.8011, "val/IoU.Backgroud": 0.9669, "val/IoU.General trash": 0.4689, "val/IoU.Paper": 0.7954000000000001, "val/IoU.Paper pack": 0.6082, "val/IoU.Metal": 0.6531, "val/IoU.Glass": 0.6920000000000001, "val/IoU.Plastic": 0.503, "val/IoU.Styrofoam": 0.7484999999999999, "val/IoU.Plastic bag": 0.8568000000000001, "val/IoU.Battery": 0.8205, "val/IoU.Clothing": 0.5951, "val/Acc.Backgroud": 0.9853000000000001, "val/Acc.General trash": 0.5524, "val/Acc.Paper": 0.9025, "val/Acc.Paper pack": 0.7642, "val/Acc.Metal": 0.7123999999999999, "val/Acc.Glass": 0.7781999999999999, "val/Acc.Plastic": 0.7189, "val/Acc.Styrofoam": 0.8172, "val/Acc.Plastic bag": 0.9233, "val/Acc.Battery": 0.9591, "val/Acc.Clothing": 0.6984999999999999, "val/decode_0.loss_ce": 0.11604685474325109, "val/decode_0.acc_seg": 76.53950250884633, "val/decode_1.loss_ce": 0.28115131043725544, "val/decode_1.acc_seg": 76.71225917486497, "val/loss": 0.3971981665602437, "_wandb": {"runtime": 35772}}