{"train/decode_0.loss_ce": 0.032012044675648214, "train/decode_0.acc_seg": 80.5018049621582, "train/decode_1.loss_ce": 0.0698846473544836, "train/decode_1.acc_seg": 80.76805801391602, "train/loss": 0.10189669199287892, "learning_rate": 1.0865371222856341e-07, "momentum": 0.9, "epoch": 50, "_runtime": 19850, "_timestamp": 1635333683, "_step": 16351, "val/aAcc": 0.9375, "val/mIoU": 0.6659999999999999, "val/mAcc": 0.7820999999999999, "val/IoU.Backgroud": 0.9647, "val/IoU.General trash": 0.4279, "val/IoU.Paper": 0.7746999999999999, "val/IoU.Paper pack": 0.555, "val/IoU.Metal": 0.5081, "val/IoU.Glass": 0.6261, "val/IoU.Plastic": 0.46549999999999997, "val/IoU.Styrofoam": 0.7681999999999999, "val/IoU.Plastic bag": 0.8484999999999999, "val/IoU.Battery": 0.8752, "val/IoU.Clothing": 0.5118, "val/Acc.Backgroud": 0.9833, "val/Acc.General trash": 0.5717, "val/Acc.Paper": 0.8856, "val/Acc.Paper pack": 0.7397, "val/Acc.Metal": 0.5998, "val/Acc.Glass": 0.7946, "val/Acc.Plastic": 0.6940999999999999, "val/Acc.Styrofoam": 0.8237000000000001, "val/Acc.Plastic bag": 0.9011, "val/Acc.Battery": 0.9601000000000001, "val/Acc.Clothing": 0.6493000000000001, "val/decode_0.loss_ce": 0.12566924286017447, "val/decode_0.acc_seg": 76.2035154648769, "val/decode_1.loss_ce": 0.3001905584040983, "val/decode_1.acc_seg": 76.69243508798105, "val/loss": 0.4258598049665675, "_wandb": {"runtime": 19851}}