{"train/decode_0.loss_ce": 0.15004954688251018, "train/decode_0.acc_seg": 74.64864158630371, "train/decode_1.loss_ce": 0.405354950428009, "train/decode_1.acc_seg": 74.24698463439941, "train/loss": 0.5554044973850251, "learning_rate": 9.990133740804937e-05, "momentum": 0.9, "epoch": 2, "_runtime": 1000, "_timestamp": 1635339795, "_step": 477, "val/aAcc": 0.9089, "val/mIoU": 0.4261, "val/mAcc": 0.5129, "val/IoU.Backgroud": 0.9473, "val/IoU.General trash": 0.3098, "val/IoU.Paper": 0.7016, "val/IoU.Paper pack": 0.1241, "val/IoU.Metal": 0.2285, "val/IoU.Glass": 0.48869999999999997, "val/IoU.Plastic": 0.3035, "val/IoU.Styrofoam": 0.5139, "val/IoU.Plastic bag": 0.7890999999999999, "val/IoU.Battery": 0.0, "val/IoU.Clothing": 0.2805, "val/Acc.Backgroud": 0.9781, "val/Acc.General trash": 0.39549999999999996, "val/Acc.Paper": 0.8269, "val/Acc.Paper pack": 0.12789999999999999, "val/Acc.Metal": 0.23829999999999998, "val/Acc.Glass": 0.6015, "val/Acc.Plastic": 0.5165, "val/Acc.Styrofoam": 0.7611, "val/Acc.Plastic bag": 0.9151, "val/Acc.Battery": 0.0, "val/Acc.Clothing": 0.281, "val/decode_0.loss_ce": 0.13178603015380141, "val/decode_0.acc_seg": 74.72493159918137, "val/decode_1.loss_ce": 0.3568496917500908, "val/decode_1.acc_seg": 74.34670177506811, "val/loss": 0.48863572250177834}