{"train/decode.loss_ce": 0.5086992233991623, "train/decode.acc_seg": 69.26311943054199, "train/loss": 0.5086992233991623, "learning_rate": 0.009704327096074774, "momentum": 0.9, "epoch": 1, "_runtime": 546, "_timestamp": 1635156555, "_step": 164, "val/aAcc": 0.8872, "val/mIoU": 0.3275, "val/mAcc": 0.3897, "val/IoU.Background": 0.9155, "val/IoU.General trash": 0.2974, "val/IoU.Paper": 0.6213000000000001, "val/IoU.Paper pack": 0.0241, "val/IoU.Metal": 0.026699999999999998, "val/IoU.Glass": 0.2211, "val/IoU.Plastic": 0.2447, "val/IoU.Styrofoam": 0.4782, "val/IoU.Plastic bag": 0.7681, "val/IoU.Battery": 0.0, "val/IoU.Clothing": 0.0055000000000000005, "val/Acc.Background": 0.9856, "val/Acc.General trash": 0.48869999999999997, "val/Acc.Paper": 0.7137, "val/Acc.Paper pack": 0.024399999999999998, "val/Acc.Metal": 0.027000000000000003, "val/Acc.Glass": 0.2503, "val/Acc.Plastic": 0.3542, "val/Acc.Styrofoam": 0.5574, "val/Acc.Plastic bag": 0.8804000000000001, "val/Acc.Battery": 0.0, "val/Acc.Clothing": 0.0055000000000000005, "val/decode.loss_ce": 0.4310356229543686, "val/decode.acc_seg": 71.61312065124511, "val/loss": 0.4310356229543686}