{"train/decode_0.loss_ce": 0.027512444369494914, "train/decode_0.acc_seg": 83.25247772216797, "train/decode_1.loss_ce": 0.06559945952147245, "train/decode_1.acc_seg": 83.38220001220704, "train/loss": 0.09311190374195576, "learning_rate": 9.966259195063619e-08, "momentum": 0.9, "epoch": 50, "_runtime": 35737, "_timestamp": 1635423511, "_step": 16351, "val/aAcc": 0.9416, "val/mIoU": 0.6645, "val/mAcc": 0.7837999999999999, "val/IoU.Backgroud": 0.9632999999999999, "val/IoU.General trash": 0.46909999999999996, "val/IoU.Paper": 0.8017, "val/IoU.Paper pack": 0.5626, "val/IoU.Metal": 0.6099, "val/IoU.Glass": 0.6355, "val/IoU.Plastic": 0.4874, "val/IoU.Styrofoam": 0.7245, "val/IoU.Plastic bag": 0.856, "val/IoU.Battery": 0.6715000000000001, "val/IoU.Clothing": 0.5279, "val/Acc.Backgroud": 0.9818000000000001, "val/Acc.General trash": 0.5633, "val/Acc.Paper": 0.912, "val/Acc.Paper pack": 0.6173, "val/Acc.Metal": 0.7134999999999999, "val/Acc.Glass": 0.7685, "val/Acc.Plastic": 0.7112999999999999, "val/Acc.Styrofoam": 0.8075, "val/Acc.Plastic bag": 0.9262, "val/Acc.Battery": 0.9926, "val/Acc.Clothing": 0.6274000000000001, "val/decode_0.loss_ce": 0.12356591361494344, "val/decode_0.acc_seg": 79.37454190666293, "val/decode_1.loss_ce": 0.296030675670431, "val/decode_1.acc_seg": 79.44930163724923, "val/loss": 0.41959658908991165, "_wandb": {"runtime": 35738}}