{"mode": "train", "epoch": 1, "iter": 100, "lr": 3e-05, "memory": 21639, "data_time": 0.0814, "loss_rpn_cls": 0.45685, "loss_rpn_bbox": 0.07316, "s0.loss_cls": 0.63708, "s0.acc": 83.7312, "s0.loss_bbox": 0.31045, "s0.loss_mask": 0.67524, "s1.loss_cls": 0.22275, "s1.acc": 89.78906, "s1.loss_bbox": 0.04616, "s1.loss_mask": 0.33316, "s2.loss_cls": 0.07791, "s2.acc": 94.13696, "s2.loss_bbox": 0.00769, "s2.loss_mask": 0.16646, "loss": 3.00689, "grad_norm": 9.83698, "time": 1.64546}
{"mode": "train", "epoch": 1, "iter": 200, "lr": 7e-05, "memory": 21751, "data_time": 0.04477, "loss_rpn_cls": 0.25724, "loss_rpn_bbox": 0.06869, "s0.loss_cls": 0.37838, "s0.acc": 91.37012, "s0.loss_bbox": 0.33843, "s0.loss_mask": 0.60697, "s1.loss_cls": 0.11353, "s1.acc": 95.56934, "s1.loss_bbox": 0.05716, "s1.loss_mask": 0.29629, "s2.loss_cls": 0.03568, "s2.acc": 97.60815, "s2.loss_bbox": 0.00796, "s2.loss_mask": 0.14726, "loss": 2.30758, "grad_norm": 3.55635, "time": 1.62982}
{"mode": "train", "epoch": 1, "iter": 300, "lr": 0.0001, "memory": 22198, "data_time": 0.05087, "loss_rpn_cls": 0.23549, "loss_rpn_bbox": 0.0692, "s0.loss_cls": 0.41573, "s0.acc": 90.28467, "s0.loss_bbox": 0.37556, "s0.loss_mask": 0.58436, "s1.loss_cls": 0.12912, "s1.acc": 94.69897, "s1.loss_bbox": 0.06938, "s1.loss_mask": 0.2814, "s2.loss_cls": 0.0396, "s2.acc": 97.19629, "s2.loss_bbox": 0.00997, "s2.loss_mask": 0.13983, "loss": 2.34965, "grad_norm": 3.19991, "time": 1.65208}
{"mode": "train", "epoch": 1, "iter": 100, "lr": 2e-05, "memory": 12225, "data_time": 0.04709, "loss_rpn_cls": 0.50416, "loss_rpn_bbox": 0.07188, "s0.loss_cls": 0.72706, "s0.acc": 80.96777, "s0.loss_bbox": 0.31336, "s0.loss_mask": 0.68631, "s1.loss_cls": 0.27978, "s1.acc": 84.73242, "s1.loss_bbox": 0.04594, "s1.loss_mask": 0.34108, "s2.loss_cls": 0.11837, "s2.acc": 87.06738, "s2.loss_bbox": 0.00897, "s2.loss_mask": 0.16883, "loss": 3.26573, "grad_norm": 13.92022, "time": 0.90101}
{"mode": "train", "epoch": 1, "iter": 100, "lr": 2e-05, "memory": 22089, "data_time": 0.07493, "loss_rpn_cls": 0.50466, "loss_rpn_bbox": 0.06853, "s0.loss_cls": 0.73193, "s0.acc": 80.20801, "s0.loss_bbox": 0.32656, "s0.loss_mask": 0.68215, "s1.loss_cls": 0.26393, "s1.acc": 85.96826, "s1.loss_bbox": 0.04746, "s1.loss_mask": 0.33845, "s2.loss_cls": 0.12298, "s2.acc": 87.2168, "s2.loss_bbox": 0.00835, "s2.loss_mask": 0.16886, "loss": 3.26385, "grad_norm": 12.86803, "time": 1.64056}
{"mode": "train", "epoch": 1, "iter": 200, "lr": 4e-05, "memory": 22112, "data_time": 0.04915, "loss_rpn_cls": 0.2207, "loss_rpn_bbox": 0.06622, "s0.loss_cls": 0.34529, "s0.acc": 90.47803, "s0.loss_bbox": 0.39821, "s0.loss_mask": 0.60643, "s1.loss_cls": 0.11042, "s1.acc": 94.56421, "s1.loss_bbox": 0.07362, "s1.loss_mask": 0.29371, "s2.loss_cls": 0.03533, "s2.acc": 97.15259, "s2.loss_bbox": 0.0107, "s2.loss_mask": 0.14616, "loss": 2.30678, "grad_norm": 4.16912, "time": 1.65086}
{"mode": "train", "epoch": 1, "iter": 300, "lr": 6e-05, "memory": 22590, "data_time": 0.04792, "loss_rpn_cls": 0.12968, "loss_rpn_bbox": 0.05973, "s0.loss_cls": 0.39308, "s0.acc": 89.13477, "s0.loss_bbox": 0.4732, "s0.loss_mask": 0.51477, "s1.loss_cls": 0.1369, "s1.acc": 92.63989, "s1.loss_bbox": 0.10947, "s1.loss_mask": 0.24562, "s2.loss_cls": 0.04412, "s2.acc": 95.65698, "s2.loss_bbox": 0.02047, "s2.loss_mask": 0.11819, "loss": 2.24524, "grad_norm": 5.3869, "time": 1.70716}
