{"train/decode.loss_ce": 1.496323299407959, "train/decode.acc_seg": 51.5494384765625, "train/loss": 1.496323299407959, "learning_rate": 0.009244228603155333, "momentum": 0.9, "epoch": 3, "_runtime": 1010, "_timestamp": 1635148528, "_step": 1658, "val/aAcc": 0.6984, "val/mIoU": 0.0638, "val/mAcc": 0.0911, "val/IoU.Background": 0.6989, "val/IoU.General trash": 0.0, "val/IoU.Paper": 0.0001, "val/IoU.Paper pack": 0.0, "val/IoU.Metal": 0.0, "val/IoU.Glass": 0.0, "val/IoU.Plastic": 0.0, "val/IoU.Styrofoam": 0.0, "val/IoU.Plastic bag": 0.0028000000000000004, "val/IoU.Battery": 0.0, "val/IoU.Clothing": 0.0, "val/Acc.Background": 0.9989, "val/Acc.General trash": 0.0, "val/Acc.Paper": 0.0001, "val/Acc.Paper pack": 0.0, "val/Acc.Metal": 0.0, "val/Acc.Glass": 0.0, "val/Acc.Plastic": 0.0, "val/Acc.Styrofoam": 0.0, "val/Acc.Plastic bag": 0.0028000000000000004, "val/Acc.Battery": 0.0, "val/Acc.Clothing": 0.0, "val/decode.loss_ce": 1.5316282785011948, "val/decode.acc_seg": 50.36381446510736, "val/loss": 1.5316282785011948, "_wandb": {"runtime": 1013}}