{"train/decode_0.loss_ce": 0.025664529465138912, "train/decode_0.acc_seg": 83.84654998779297, "train/decode_1.loss_ce": 0.061906021013855936, "train/decode_1.acc_seg": 83.91975646972656, "train/loss": 0.0875705511495471, "learning_rate": 9.966259195063619e-08, "momentum": 0.9, "epoch": 50, "_runtime": 35833, "_timestamp": 1635375801, "_step": 16351, "val/aAcc": 0.9458, "val/mIoU": 0.7031999999999999, "val/mAcc": 0.8147, "val/IoU.Backgroud": 0.9659, "val/IoU.General trash": 0.4963, "val/IoU.Paper": 0.805, "val/IoU.Paper pack": 0.6353, "val/IoU.Metal": 0.6717, "val/IoU.Glass": 0.638, "val/IoU.Plastic": 0.5118, "val/IoU.Styrofoam": 0.7686, "val/IoU.Plastic bag": 0.8573999999999999, "val/IoU.Battery": 0.7273000000000001, "val/IoU.Clothing": 0.6574, "val/Acc.Backgroud": 0.9841, "val/Acc.General trash": 0.6006, "val/Acc.Paper": 0.905, "val/Acc.Paper pack": 0.7662, "val/Acc.Metal": 0.7826000000000001, "val/Acc.Glass": 0.7444, "val/Acc.Plastic": 0.6825, "val/Acc.Styrofoam": 0.8481000000000001, "val/Acc.Plastic bag": 0.9304000000000001, "val/Acc.Battery": 0.9913, "val/Acc.Clothing": 0.727, "val/decode_0.loss_ce": 0.10922323331742743, "val/decode_0.acc_seg": 77.8977914504063, "val/decode_1.loss_ce": 0.26986427549962644, "val/decode_1.acc_seg": 78.03308585838035, "val/loss": 0.3790875089665254, "_wandb": {"runtime": 35833}}