{"train/decode_0.loss_ce": 0.2871985384821892, "train/decode_0.acc_seg": 62.80491897583008, "train/decode_1.loss_ce": 0.6511495500802994, "train/decode_1.acc_seg": 64.05006492614746, "train/loss": 0.938348093032837, "learning_rate": 0.0007792825364526768, "momentum": 0.9, "epoch": 42, "_runtime": 16288, "_timestamp": 1635313446, "_step": 13457, "val/aAcc": 0.8283, "val/mIoU": 0.2065, "val/mAcc": 0.2672, "val/IoU.Backgroud": 0.8795999999999999, "val/IoU.General trash": 0.18510000000000001, "val/IoU.Paper": 0.4328, "val/IoU.Paper pack": 0.0, "val/IoU.Metal": 0.0, "val/IoU.Glass": 0.0, "val/IoU.Plastic": 0.0409, "val/IoU.Styrofoam": 0.1707, "val/IoU.Plastic bag": 0.5623, "val/IoU.Battery": 0.0, "val/IoU.Clothing": 0.0, "val/Acc.Backgroud": 0.9512, "val/Acc.General trash": 0.2915, "val/Acc.Paper": 0.7308, "val/Acc.Paper pack": 0.0, "val/Acc.Metal": 0.0, "val/Acc.Glass": 0.0, "val/Acc.Plastic": 0.0431, "val/Acc.Styrofoam": 0.1805, "val/Acc.Plastic bag": 0.7422, "val/Acc.Battery": 0.0, "val/Acc.Clothing": 0.0, "val/decode_0.loss_ce": 0.2688622675192209, "val/decode_0.acc_seg": 64.19917537547924, "val/decode_1.loss_ce": 0.5933505028118322, "val/decode_1.acc_seg": 65.89997402238257, "val/loss": 0.8622127749301769, "_wandb": {"runtime": 16333}}