{"train/decode.loss_ce": 0.0828851043432951, "train/decode.acc_seg": 83.0939958190918, "train/loss": 0.0828851043432951, "learning_rate": 2.8387784106317693e-07, "momentum": 0.9, "epoch": 30, "_runtime": 15014, "_timestamp": 1635173715, "_step": 4891, "val/aAcc": 0.925, "val/mIoU": 0.5742, "val/mAcc": 0.6722, "val/IoU.Backgroud": 0.9514, "val/IoU.General trash": 0.3766, "val/IoU.Paper": 0.7456, "val/IoU.Paper pack": 0.42719999999999997, "val/IoU.Metal": 0.4119, "val/IoU.Glass": 0.4805, "val/IoU.Plastic": 0.43689999999999996, "val/IoU.Styrofoam": 0.6789000000000001, "val/IoU.Plastic bag": 0.833, "val/IoU.Battery": 0.6465000000000001, "val/IoU.Clothing": 0.32789999999999997, "val/Acc.Backgroud": 0.9814, "val/Acc.General trash": 0.5047999999999999, "val/Acc.Paper": 0.8734999999999999, "val/Acc.Paper pack": 0.5635, "val/Acc.Metal": 0.503, "val/Acc.Glass": 0.5362, "val/Acc.Plastic": 0.6718999999999999, "val/Acc.Styrofoam": 0.7170000000000001, "val/Acc.Plastic bag": 0.8948999999999999, "val/Acc.Battery": 0.7308, "val/Acc.Clothing": 0.41700000000000004, "val/decode.loss_ce": 0.2915491821244359, "val/decode.acc_seg": 77.492041015625, "val/loss": 0.2915491821244359, "_wandb": {"runtime": 15014}}