{"train/decode_0.loss_ce": 0.08260637298226356, "train/decode_0.acc_seg": 80.18774536132813, "train/decode_1.loss_ce": 0.15639649614691734, "train/decode_1.acc_seg": 81.81780502319336, "train/loss": 0.23900287002325057, "learning_rate": 2.8387784106317693e-07, "momentum": 0.9, "epoch": 30, "_runtime": 11728, "_timestamp": 1635250733, "_step": 9811, "val/aAcc": 0.9137000000000001, "val/mIoU": 0.5563, "val/mAcc": 0.6905, "val/IoU.Backgroud": 0.9483, "val/IoU.General trash": 0.33270000000000005, "val/IoU.Paper": 0.6890000000000001, "val/IoU.Paper pack": 0.42729999999999996, "val/IoU.Metal": 0.316, "val/IoU.Glass": 0.46799999999999997, "val/IoU.Plastic": 0.3652, "val/IoU.Styrofoam": 0.6332, "val/IoU.Plastic bag": 0.7925, "val/IoU.Battery": 0.7136, "val/IoU.Clothing": 0.4334, "val/Acc.Backgroud": 0.9788, "val/Acc.General trash": 0.4269, "val/Acc.Paper": 0.8321999999999999, "val/Acc.Paper pack": 0.6075, "val/Acc.Metal": 0.4543, "val/Acc.Glass": 0.6142, "val/Acc.Plastic": 0.5524, "val/Acc.Styrofoam": 0.7132, "val/Acc.Plastic bag": 0.8733, "val/Acc.Battery": 0.9592, "val/Acc.Clothing": 0.583, "val/decode_0.loss_ce": 0.1376555998476199, "val/decode_0.acc_seg": 75.5451456234779, "val/decode_1.loss_ce": 0.324449463253036, "val/decode_1.acc_seg": 76.3469999336902, "val/loss": 0.4621050642044456, "_wandb": {"runtime": 11728}}